id_crypt,name,email,joined_date
9D5DBDD4BE9CC08C7ECA4DE804BA9AC3,Alice,a@example.com,2020-01-01
FD348D7E0449D381B7E27406E0A98436,Bob,b@example.com,2020-01-02
EE67AECA407AA4093EC3E29902B4B266,Charlie,c@example.com,2020-01-03
4006797C8FB3E882FEA44B250DC13825,David,d@example.com,2020-01-04
0896FEA4BB2A3A72474238D1AE680E79,Eve,e@example.com,2020-01-05
B6AE44A2AEBCBA74936137C7BF66D980,Frank,f@example.com,2020-01-06
8E8F68DD2241339382496376A4941E78,Grace,g@example.com,2020-01-07
8D66F341D320F833206F207D8D2ECD0A,Heidi,h@example.com,2020-01-08
52EFEB73A4AF0C433E0F1A1796A01AB0,Ivan,i@example.com,2020-01-09
83A3BCC1AA35E344528B0BF314B76375,Judy,j@example.com,2020-01-10
